species,batch_id,volume,treenumb,canopy_top,canopy_bottom,branchper30,maxbranchradius,leafarea1,leafarea2,leafarea3,leafmass1,leafmass2,leafmass3
adansonia_gregorii,ag_46_45,45,1,141.6,50,3,69,,,,,,
adansonia_gregorii,ag_46_45,45,2,177.9,53,6,58,,,,,,
adansonia_gregorii,ag_46_45,45,3,170.3,59,6,48,,,,,,
adansonia_gregorii,ag_46_45,45,4,150.3,73,2,53,,,,,,
adansonia_gregorii,ag_46_45,45,5,141.7,45,6,43,,,,,,
adansonia_gregorii,ag_46_45,45,6,176.3,73,3,61,,,,,,
adansonia_gregorii,ag_46_45,45,7,118.2,40,2,52,,,,,,
adansonia_gregorii,ag_46_45,45,8,117.1,24,2,17,,,,,,
adansonia_gregorii,ag_46_45,45,9,136.4,48,3,49,,,,,,
adansonia_gregorii,ag_46_45,45,10,110.7,50,4,43,,,,,,
adansonia_gregorii,ag_46_100,100,1,314.8,143,5,55,,,,,,
adansonia_gregorii,ag_46_100,100,2,289.6,148,6,75,,,,,,
adansonia_gregorii,ag_46_100,100,3,278,91,2,41,,,,,,
adansonia_gregorii,ag_46_100,100,4,295.7,100,1,67,,,,,,
adansonia_gregorii,ag_46_100,100,5,293.7,128,8,40,,,,,,
adansonia_gregorii,ag_46_100,100,6,276.3,126,5,64,,,,,,
adansonia_gregorii,ag_46_100,100,7,321.5,131,4,62,,,,,,
adansonia_gregorii,ag_46_100,100,8,321.6,119,4,62,,,,,,
adansonia_gregorii,ag_46_100,100,9,253.5,79,1,47,,,,,,
adansonia_gregorii,ag_46_100,100,10,335.8,133,3,69,,,,,,
albizia_saman,as_74,20,1,129.1,38,9,28,4.01,26.91,1.96,0.01,0.2,0.01
albizia_saman,as_74,20,2,152.3,55,10,17,7.83,8.64,12.14,0.05,0.01,0.07
albizia_saman,as_74,20,3,170.6,54,9,15,5.32,13.42,6.41,0.01,0.08,0.03
albizia_saman,as_74,20,4,170.7,60,12,14,15.41,9.9,5.96,0.13,0.09,0.02
albizia_saman,as_74,20,5,164.8,63,9,27,4.7,9.42,20.23,0.04,0.05,0.21
albizia_saman,as_74,20,6,172.8,66,12,34,9.49,4.55,13.61,0.06,0.01,0.12
albizia_saman,as_74,20,7,164,57,10,29,6.12,12,16.79,0.08,0.013,0.13
albizia_saman,as_74,20,8,138,48,9,22,6.58,7.96,8.41,0.03,0.06,0.06
albizia_saman,as_74,20,9,164.7,57,11,34,7.85,6.62,13.99,0.03,0.03,0.11
albizia_saman,as_74,20,10,156.8,34,5,25,11.85,4.8,14.91,0.05,0.01,0.09
allosyncarpia_ternata,at_109,100,1,277.6,115,74,4,12.31,14.14,,0.12,0.16,
allosyncarpia_ternata,at_109,100,2,312.7,166,68,3,19.9,21.54,10.79,0.35,0.4,0.18
allosyncarpia_ternata,at_109,100,3,325.3,145,92,7,10.93,38.34,17.19,0.16,0.61,0.26
allosyncarpia_ternata,at_109,100,4,291.3,129,88,2,26.5,29.29,10.9,0.41,0.43,0.17
allosyncarpia_ternata,at_109,100,5,336.4,140,80,8,13.69,11.04,24.45,0.24,0.18,0.39
allosyncarpia_ternata,at_109,100,6,296.7,146,125,5,18.44,17.86,11.71,0.29,0.26,0.15
allosyncarpia_ternata,at_109,100,7,275.8,155,83,5,16.32,29.33,23.39,0.26,0.41,0.34
allosyncarpia_ternata,at_109,100,8,308.7,160,72,5,24.33,19.26,35.89,0.37,0.3,0.58
allosyncarpia_ternata,at_109,100,9,268.2,128,93,4,23.31,26.19,27.44,0.43,0.41,0.34
araucaria_heterophylla,ah_37,65,1,366.9,143,5,55,,,,,,
araucaria_heterophylla,ah_37,65,2,395,148,6,75,,,,,,
araucaria_heterophylla,ah_37,65,3,294.5,91,2,41,,,,,,
araucaria_heterophylla,ah_37,65,4,372.6,100,1,67,,,,,,
araucaria_heterophylla,ah_37,65,5,382.5,128,8,40,,,,,,
araucaria_heterophylla,ah_37,65,6,341,126,5,64,,,,,,
araucaria_heterophylla,ah_37,65,7,337,131,4,62,,,,,,
araucaria_heterophylla,ah_37,65,8,344,119,4,62,,,,,,
araucaria_heterophylla,ah_37,65,9,331,79,1,47,,,,,,
araucaria_heterophylla,ah_37,65,10,239,133,3,69,,,,,,
barringtonia_acutangula,ba_72,20,1,218.7,126,46,3,30.49,13.62,16.35,0.3,0.12,0.14
barringtonia_acutangula,ba_72,20,2,241.1,133,79,1,37.98,34.48,24.41,0.36,0.31,0.25
barringtonia_acutangula,ba_72,20,3,255.7,162,47,9,35.82,37.18,8.96,0.31,0.31,0.05
barringtonia_acutangula,ba_72,20,4,218.4,102,112,7,12.91,39,31.52,0.1,0.39,0.24
barringtonia_acutangula,ba_72,20,5,239.8,72,53,6,22.99,18.15,26.8,0.18,0.15,0.33
barringtonia_acutangula,ba_72,20,6,263.4,125,52,2,26.63,25.78,19.71,0.22,0.23,0.18
barringtonia_acutangula,ba_72,20,7,253.1,123,54,4,20.61,22.62,41.32,0.18,0.19,0.32
barringtonia_acutangula,ba_72,20,8,249.6,95,86,1,20.04,30.42,22.91,0.16,0.2,0.17
barringtonia_acutangula,ba_72,20,9,247.8,147,75,8,23.25,18.58,26.44,0.22,0.15,0.21
barringtonia_acutangula,ba_72,20,10,245.6,139,72,3,8.54,15.21,12.81,0.07,0.13,0.1
bauhinia_variegata,bv_73,20,1,198,59,6,77,29.7,41.22,16,0.2,0.33,0.13
bauhinia_variegata,bv_73,20,2,243.8,66,4,39,34.5,16.6,18.52,0.12,0.07,0.13
bauhinia_variegata,bv_73,20,3,208.8,47,6,78,17.25,33.15,49.42,0.11,0.23,0.28
bauhinia_variegata,bv_73,20,4,222,59,6,42,21.6,37.45,50.1,0.1,0.19,0.23
bauhinia_variegata,bv_73,20,5,215.9,30,3,39,49.96,44.91,69.1,0.22,0.22,0.44
bauhinia_variegata,bv_73,20,6,237.7,64,5,26,,45.92,44.3,,0.23,0.16
bauhinia_variegata,bv_73,20,7,250.7,57,3,95,28.9,22.22,59.72,0.12,0.11,0.3
bauhinia_variegata,bv_73,20,8,246.1,59,5,51,31.26,42.86,30.4,0.15,0.25,0.15
bauhinia_variegata,bv_73,20,9,176.7,116,4,45,29.72,24.38,26.6,0.17,0.13,0.13
bauhinia_variegata,bv_73,20,10,203.8,144,5,53,32.02,40.76,26.22,0.17,0.19,0.15
buchanania_arborescens,ba_65,20,1,186,95,4,32,33.21,54.69,35.22,0.34,0.6,0.35
buchanania_arborescens,ba_65,20,2,219,176,8,16,41.51,44.51,50.19,0.6,0.6,0.61
buchanania_arborescens,ba_65,20,3,233.1,95,2,40,41,50.21,57.66,0.5,0.61,0.72
buchanania_arborescens,ba_65,20,4,209.4,112,3,29,36.44,43.41,60.71,0.33,0.59,0.88
buchanania_arborescens,ba_65,20,5,155.8,107,2,18,53.71,50.62,59.06,0.54,0.52,0.7
buchanania_arborescens,ba_65,20,6,221,166,9,29,44.61,93.23,76.86,0.48,0.85,1.02
buchanania_arborescens,ba_65,20,7,163.7,36,8,22,42.65,34.05,46.84,0.43,0.43,0.39
buchanania_arborescens,ba_65,20,8,194.3,69,6,34,53.73,41.96,42.19,0.85,0.45,0.48
buchanania_arborescens,ba_65,20,9,207.5,81,4,20,35.94,45.44,73.49,0.31,0.49,0.81
buchanania_arborescens,ba_65,20,10,199.3,68,5,42,82.39,59.49,52.26,1.17,0.75,0.62
buchanania_arborescens,ba_103,100,1,247.4,116,94,6,13.13,12.95,9.28,0.2,0.17,0.14
buchanania_arborescens,ba_103,100,2,251.8,123,107,5,21.64,15.08,18.22,0.38,0.23,0.3
buchanania_arborescens,ba_103,100,3,265.3,119,88,5,15.55,19.71,17.39,0.2,0.25,0.18
buchanania_arborescens,ba_103,100,4,278.2,114,105,6,13.81,15.08,22.95,0.23,0.19,0.3
buchanania_arborescens,ba_103,100,5,270.9,110,108,5,17.01,12.94,18.61,0.24,0.14,0.25
buchanania_arborescens,ba_103,100,6,264.2,103,110,4,12.28,14.19,17.7,0.16,0.16,0.21
buchanania_arborescens,ba_103,100,7,208.8,88,101,6,9.93,18.66,18.61,0.12,0.27,0.24
buchanania_arborescens,ba_103,100,8,299.8,116,128,4,17.16,10.99,15.05,0.22,0.13,0.22
buchanania_arborescens,ba_103,100,9,292.9,119,74,5,14.58,13.6,11.82,0.21,0.16,0.12
buchanania_arborescens,ba_103,100,10,283.4,104,108,6,15.49,15.4,13.22,0.21,0.18,0.15
carallia_brachiata,cb_108,100,1,265.8,112,6,90,27.64,68.84,65.91,0.16,0.46,0.64
carallia_brachiata,cb_108,100,2,301.6,102,6,119,57.42,59.58,74.79,0.35,0.45,0.45
carallia_brachiata,cb_108,100,3,327.6,105,6,106,47.74,37.79,45.32,0.47,0.33,0.4
carallia_brachiata,cb_108,100,4,321.7,96,6,119,52.9,74.08,73.22,0.28,0.45,0.61
carallia_brachiata,cb_108,100,5,269.6,98,6,106,62.5,43.3,61.13,0.34,0.3,0.3
carallia_brachiata,cb_108,100,6,268.7,91,6,85,32.44,28.93,,0.14,0.17,
carallia_brachiata,cb_108,100,7,308.5,103,4,87,41.09,56.89,60.79,0.35,0.25,0.49
carallia_brachiata,cb_108,100,8,285.6,92,6,105,40.91,48.41,60.97,0.2,0.16,0.42
carallia_brachiata,cb_108,100,9,293.3,96,5,88,67.73,55.29,65.02,0.43,0.34,0.39
carallia_brachiata,cb_108,100,10,340.7,98,6,106,64.82,58.37,38.08,0.42,0.48,0.3
cupaniopsis_anacardioides,ca_113,20,1,170.4,87,11,42,20.49,25.81,30.5,0.24,0.27,0.35
cupaniopsis_anacardioides,ca_113,20,2,231.6,124,13,43,17.62,14.82,19.86,0.23,0.22,0.26
cupaniopsis_anacardioides,ca_113,20,3,261.8,112,8,28,19.15,36.19,46.11,0.24,0.41,0.53
cupaniopsis_anacardioides,ca_113,20,4,270.9,123,4,31,15.96,26.38,19.6,0.2,0.36,0.25
cupaniopsis_anacardioides,ca_113,20,5,232.4,104,8,34,43.61,36.91,20.53,0.51,0.41,0.26
cupaniopsis_anacardioides,ca_113,20,6,227.1,103,9,32,19.78,22.71,16.62,0.2,0.25,0.15
cupaniopsis_anacardioides,ca_113,20,7,269.4,111,7,20,26.78,32.22,32.33,0.35,0.4,0.48
cupaniopsis_anacardioides,ca_113,20,8,210.5,99,15,44,16.2,37.51,28.15,0.19,0.36,0.27
cupaniopsis_anacardioides,ca_113,20,9,180.5,96,6,37,21.79,16.79,16.98,0.23,0.21,0.21
cupaniopsis_anacardioides,ca_113,20,10,219.4,114,5,50,38.48,37.78,24.24,0.45,0.39,0.28
cupaniopsis_anacardioides,ca_104,100,1,306.2,137,121,3,20.02,25.47,24.53,0.19,0.4,0.24
cupaniopsis_anacardioides,ca_104,100,2,328.1,117,52,3,35.55,25.11,37.96,0.35,0.32,0.2
cupaniopsis_anacardioides,ca_104,100,3,350.7,150,113,3,28.2,24.48,18.02,0.41,0.29,0.49
cupaniopsis_anacardioides,ca_104,100,4,285.8,140,76,3,34.3,24.99,32.03,0.35,0.31,0.45
cupaniopsis_anacardioides,ca_104,100,5,316.6,140,86,4,27.11,25.21,43.77,0.33,0.31,0.53
cupaniopsis_anacardioides,ca_104,100,6,375.7,180,78,4,41.59,27.38,31.9,0.53,0.36,0.44
cupaniopsis_anacardioides,ca_104,100,7,353.5,153,112,3,30.58,31.74,33.3,0.39,0.43,0.41
cupaniopsis_anacardioides,ca_104,100,8,303.9,170,108,2,31.64,48.13,22.84,0.32,0.57,0.34
cupaniopsis_anacardioides,ca_104,100,9,299.5,149,85,3,12.72,13.56,22.78,0.16,0.15,0.29
cupaniopsis_anacardioides,ca_104,100,10,295.3,96,39,2,46.15,34.06,34.75,0.47,0.37,0.35
delonix_regia,dr_80,20,1,141.1,94,12,50,,,,,,
delonix_regia,dr_80,20,2,122.5,71,15,41,,,,,,
delonix_regia,dr_80,20,3,158.3,90,6,52,,,,,,
delonix_regia,dr_80,20,4,132.3,74,6,41,,,,,,
delonix_regia,dr_80,20,5,105.4,64,12,40,,,,,,
delonix_regia,dr_80,20,6,135.6,79,10,53,,,,,,
delonix_regia,dr_80,20,7,109.4,30,2,41,,,,,,
delonix_regia,dr_80,20,8,126,76,14,45,,,,,,
delonix_regia,dr_80,20,9,129.1,67,10,48,,,,,,
delonix_regia,dr_80,20,10,147.7,101,13,30,,,,,,
delonix_regia,dr_109,200,1,288.4,129,3,222,,,,,,
delonix_regia,dr_109,200,2,298.7,150,3,127,,,,,,
delonix_regia,dr_109,200,3,344.4,174,1,138,,,,,,
delonix_regia,dr_109,200,4,312.4,144,3,109,,,,,,
delonix_regia,dr_109,200,5,341,183,4,91,,,,,,
delonix_regia,dr_109,200,6,338,173,6,105,,,,,,
delonix_regia,dr_109,200,7,366.4,189,6,89,,,,,,
delonix_regia,dr_109,200,8,433.8,190,3,135,,,,,,
delonix_regia,dr_109,200,9,332.4,139,3,87,,,,,,
delonix_regia,dr_109,200,10,294.7,238,6,123,,,,,,
diospyros_humilis,dh_44,45,1,228.7,93,4,65,4.85,7.74,8.8,0.04,0.1,0.1
diospyros_humilis,dh_44,45,2,251.7,102,6,99,7.49,8.86,4.53,0.08,0.11,0.06
diospyros_humilis,dh_44,45,3,299.3,124,10,75,7.88,9.28,14.9,0.1,0.1,0.17
diospyros_humilis,dh_44,45,4,250.9,94,6,72,15.56,18.19,24.9,0.21,0.22,0.3
diospyros_humilis,dh_44,45,5,226.5,114,4,60,13.81,11.66,8.64,0.15,0.1,0.11
diospyros_humilis,dh_44,45,6,255.5,91,5,68,16.21,12.37,18.42,0.2,0.13,0.18
diospyros_humilis,dh_44,45,7,222.5,96,7,67,7,19.4,23.42,0.1,0.27,0.27
diospyros_humilis,dh_44,45,8,247.8,103,5,79,15.62,8.44,10.82,0.11,0.08,0.11
diospyros_humilis,dh_44,45,9,228.6,112,7,69,13.83,16.59,12.35,0.11,0.23,0.18
diospyros_humilis,dh_44,45,10,265.7,106,8,69,12.31,15.81,10.44,0.14,0.14,0.09
ficus_benghalensis,fb_tb_300,300,1,306.1,120,6,92,94.82,115.58,234.81,0.12,0.12,0.14
ficus_benghalensis,fb_tb_300,300,2,282.5,117,3,96,169.36,91.96,96.86,0.15,0.16,0.1
ficus_benghalensis,fb_tb_300,300,3,289,120,9,118,95.06,119.21,140.84,0.16,0.12,0.17
ficus_benghalensis,fb_tb_500,500,1,349.9,127,4,103,86.74,108.08,114.84,0.11,0.12,0.17
ficus_benjamina,fb_113_100,100,1,296.9,105,2,95,14.42,13.33,11.66,0.4,1.9,1.94
ficus_benjamina,fb_113_200,200,1,414.2,85,3,140,19.37,18.31,18.74,1.16,0.34,0.54
ficus_benjamina,fb_113_200,200,2,377.7,119,4,107,16.64,14.66,20.01,1.77,1.39,2.2
ficus_benjamina,fb_113_200,200,3,331.4,76,1,127,10.03,16.6,17.03,1.38,0.9,0.56
ficus_macrophylla,fm_tb,300,1,378.5,89,3,144,40.91,155,140.54,1.12,1.46,3.43
ficus_macrophylla,fm_tb,300,2,374.1,91,2,120,104.84,35.54,54.6,2.28,1.08,1.37
ficus_macrophylla,fm_tb,300,3,408.2,43,2,136,136.98,119.46,153.62,1.06,1.56,1.87
ficus_macrophylla,fm_tb,300,4,369.3,45,2,104,119.41,76.69,48.9,1.28,1.07,0.94
ficus_rubiginosa,fr_72,45,1,298.9,38,2,146,24.72,30.16,28.81,0.32,0.34,0.41
ficus_rubiginosa,fr_72,45,2,304.1,56,5,82,12.78,25.66,31.49,0.12,0.23,0.33
ficus_rubiginosa,fr_72,45,3,222.9,38,2,95,21.1,34.78,27.46,0.21,0.42,0.33
ficus_rubiginosa,fr_72,45,4,298.5,89,5,113,34.25,24.33,16.08,0.49,0.3,0.18
ficus_rubiginosa,fr_72,45,5,304.3,39,1,59,31.25,34.33,18.43,0.38,0.44,0.21
ficus_rubiginosa,fr_72,45,6,337.2,63,3,89,41.73,28.85,15.31,0.71,0.4,0.19
ficus_rubiginosa,fr_72,45,7,332.4,25,2,90,32.54,16.98,40.59,0.32,0.19,0.44
ficus_rubiginosa,fr_72,45,8,243.1,37,2,67,47.71,18.76,32.18,0.58,0.23,0.31
ficus_rubiginosa,fr_72,45,9,282.6,11,5,48,8.15,24.83,13.61,0.11,0.37,0.14
ficus_rubiginosa,fr_72,45,10,282.4,26,2,86,38.98,20.99,58.72,0.38,0.16,0.66
ganophyllum_falcatum,gf_103,100,1,339,119,3,85,18.84,23.81,25.55,0.11,0.18,0.18
ganophyllum_falcatum,gf_103,100,2,300.7,129,5,98,13.89,26.04,37.11,0.11,0.15,0.28
ganophyllum_falcatum,gf_103,100,3,317.9,116,5,91,17.15,24.7,42.24,0.12,0.14,0.33
ganophyllum_falcatum,gf_103,100,4,312.2,142,7,75,17.51,7.04,18.85,0.14,0.12,0.17
ganophyllum_falcatum,gf_103,100,5,290,131,5,86,17.51,22.89,32.51,0.12,0.15,0.21
ganophyllum_falcatum,gf_103,100,6,247.6,131,8,72,44.9,35.35,28.43,0.4,0.36,0.27
hibiscus_tiliaceus_rubra,htr_tb,100,1,257.2,138,5,52,53.28,42.99,67.09,0.48,0.26,0.56
hibiscus_tiliaceus_rubra,htr_tb,100,2,294.5,153,4,69,48.66,38.02,34.04,0.33,0.4,0.31
hibiscus_tiliaceus_rubra,htr_tb,100,3,266.7,149,5,69,59.61,87.61,117.72,0.37,0.97,1.05
hibiscus_tiliaceus_rubra,htr_tb,100,4,261.6,120,3,61,50.92,63.53,79.02,0.42,0.67,0.85
hibiscus_tiliaceus_rubra,htr_tb,100,5,305.2,199,7,41,43.93,82.3,53.6,0.3,0.74,0.46
hibiscus_tiliaceus_rubra,htr_tb,100,6,301.2,172,5,52,83.24,112.32,62.99,0.93,1.45,0.53
hibiscus_tiliaceus_rubra,htr_tb,100,7,306.4,153,2,73,62.34,44.79,77.11,0.51,0.4,0.7
hibiscus_tiliaceus_rubra,htr_tb,100,8,233.3,123,3,57,94,39.92,98.91,0.91,0.3,0.73
hibiscus_tiliaceus_rubra,htr_tb,100,9,259.8,113,4,91,37.05,77.32,64.63,0.31,0.89,0.54
hibiscus_tiliaceus_rubra,htr_tb,100,10,256,138,5,54,27.8,68,77.51,0.23,0.54,0.87
horsfieldia_australiana,ha_103,100,1,252.1,85,2,86,80.6,119,117,0.97,1.1,1.1
horsfieldia_australiana,ha_103,100,2,340.5,91,3,100,142.62,82.33,110.05,1.4,0.73,1.13
horsfieldia_australiana,ha_103,100,3,337.6,82,3,98,76.98,140.31,99.1,0.91,1.81,1.2
horsfieldia_australiana,ha_103,100,4,325,122,1,72,104.48,90.27,101.04,0.59,0.89,1.01
horsfieldia_australiana,ha_103,100,5,208.3,100,1,72,134.69,90.14,90.93,1.1,0.72,0.95
horsfieldia_australiana,ha_103,100,6,192.8,115,4,70,105.94,117.96,115.7,0.76,1.03,0.87
horsfieldia_australiana,ha_103,100,7,258.1,167,4,66,174.28,164.35,136.24,1.57,1.43,1.25
horsfieldia_australiana,ha_103,100,8,346.1,195,3,75,192.69,136.19,119.78,0.71,0.7,0.77
horsfieldia_australiana,ha_103,100,9,282.9,173,5,71,66.53,134.41,151.48,0.62,1.12,1.03
horsfieldia_australiana,ha_103,100,10,230.4,134,3,59,103.08,95.64,104.53,0.49,0.59,0.58
jacaranda_mimosifolia,jm_20,20,1,178.4,105,20,22,,,,,,
jacaranda_mimosifolia,jm_20,20,2,238,156,14,34,,,,,,
jacaranda_mimosifolia,jm_20,20,3,282.8,192,10,37,,,,,,
jacaranda_mimosifolia,jm_20,20,4,256,186,18,20,,,,,,
jacaranda_mimosifolia,jm_20,20,5,224.6,181,12,20,,,,,,
jacaranda_mimosifolia,jm_20,20,6,231.8,182,15,32,,,,,,
jacaranda_mimosifolia,jm_20,20,7,235,168,13,13,,,,,,
jacaranda_mimosifolia,jm_20,20,8,262.2,179,14,33,,,,,,
jacaranda_mimosifolia,jm_20,20,9,242.1,187,5,12,,,,,,
jacaranda_mimosifolia,jm_20,20,10,230.8,172,8,26,,,,,,
mimusops_elengi,me_88,20,1,144.7,39,11,36,20.66,12.88,22.18,0.32,0.18,0.35
mimusops_elengi,me_88,20,2,143.9,35,10,32,35.53,15.76,20.5,0.53,0.16,0.22
mimusops_elengi,me_88,20,3,157.1,34,11,40,23.78,18.8,6.91,0.35,0.26,0.12
mimusops_elengi,me_88,20,4,138.2,34,10,47,23.31,16.92,23.5,0.26,0.21,0.24
mimusops_elengi,me_88,20,5,148.9,41,12,37,21.44,29.35,16.71,0.19,0.3,0.21
mimusops_elengi,me_88,20,6,155.5,61,10,38,11.84,15.83,26.8,0.15,0.18,0.3
mimusops_elengi,me_88,20,7,129.4,23,11,29,29.12,28.66,26.16,0.47,0.35,0.32
mimusops_elengi,me_88,20,8,140.4,23,6,28,31.14,32.02,32.74,0.46,0.43,0.53
mimusops_elengi,me_88,20,9,155.6,19,15,39,16.64,18.94,14.31,0.18,0.2,0.21
mimusops_elengi,me_88,20,10,134.2,22,13,24,28.83,29.45,21.31,0.37,0.38,0.23
mimusops_elengi,me_76,45,1,156.6,34,13,51,17.84,33.29,20.54,0.16,0.4,0.17
mimusops_elengi,me_76,45,2,156.9,40,10,50,25.49,32.19,31.68,0.28,0.31,0.3
mimusops_elengi,me_76,45,3,248.5,74,5,72,31.54,28.81,17.94,0.27,0.42,0.24
mimusops_elengi,me_76,45,4,228.5,50,11,42,53.91,30.16,53.42,0.66,0.26,0.61
mimusops_elengi,me_76,45,5,146.3,58,10,40,16.91,16.4,33.51,0.14,0.16,0.33
mimusops_elengi,me_76,45,6,135,32,7,42,28.91,36.23,34.54,0.33,0.32,0.38
mimusops_elengi,me_76,45,7,127.4,48,10,29,21.71,34.12,27.99,0.23,0.35,0.3
mimusops_elengi,me_76,45,8,145.4,41,3,65,13.81,20.32,25.34,0.14,0.16,0.28
mimusops_elengi,me_76,45,9,213,83,9,51,22.52,20.02,30.04,0.21,0.22,0.28
mimusops_elengi,me_76,45,10,224.5,71,6,52,27.01,30.07,22.53,0.34,0.49,0.2
mimusops_elengi,me_tb,500,1,297.9,98,2,92,25.09,25.41,26.2,0.23,0.24,0.28
mimusops_elengi,me_tb,500,2,372.6,122,7,106,31.48,21.63,22.26,0.44,0.21,0.25
mimusops_elengi,me_tb,500,3,328,76,6,89,30.68,17.41,16.11,0.34,0.17,0.14
mimusops_elengi,me_tb,500,4,220.4,72,11,84,37.79,19.75,29.93,0.61,0.36,0.45
mimusops_elengi,me_tb,500,5,344.2,92,10,95,24.71,8.44,30.2,0.29,0.07,0.34
mimusops_elengi,me_tb,500,6,247,90,6,104,28.23,19.56,14.99,0.25,0.16,0.17
mimusops_elengi,me_tb,500,7,267.9,89,9,85,20.72,30.65,19.24,0.19,0.26,0.19
peltophorum_pterocarpum,pp_73,20,1,303.8,178,3,66,,,,,,
peltophorum_pterocarpum,pp_73,20,2,389.6,166,2,67,,,,,,
peltophorum_pterocarpum,pp_73,20,3,304.3,177,3,58,,,,,,
peltophorum_pterocarpum,pp_73,20,4,285,165,2,57,,,,,,
peltophorum_pterocarpum,pp_73,20,5,281.6,173,1,49,,,,,,
peltophorum_pterocarpum,pp_73,20,6,275,184,5,65,,,,,,
peltophorum_pterocarpum,pp_73,20,7,245.5,197,2,44,,,,,,
peltophorum_pterocarpum,pp_73,20,8,243.4,164,3,44,,,,,,
peltophorum_pterocarpum,pp_73,20,9,312.5,165,3,48,,,,,,
peltophorum_pterocarpum,pp_73,20,10,252.6,196,2,88,,,,,,
peltophorum_pterocarpum,pp_109,100,1,287.5,183,2,103,,,,,,
peltophorum_pterocarpum,pp_109,100,2,272.2,185,1,71,,,,,,
peltophorum_pterocarpum,pp_109,100,3,271.4,205,3,53,,,,,,
peltophorum_pterocarpum,pp_109,100,4,262.4,134,4,53,,,,,,
peltophorum_pterocarpum,pp_tb,200,1,344.5,202,6,119,,,,,,
peltophorum_pterocarpum,pp_tb,200,2,367,228,7,140,,,,,,
peltophorum_pterocarpum,pp_tb,200,3,371.7,204,3,102,,,,,,
peltophorum_pterocarpum,pp_tb,200,4,350.8,219,3,95,,,,,,
peltophorum_pterocarpum,pp_tb,200,5,379,241,2,91,,,,,,
peltophorum_pterocarpum,pp_tb,200,6,370.1,213,4,97,,,,,,
peltophorum_pterocarpum,pp_tb,200,7,346.5,200,3,98,,,,,,
peltophorum_pterocarpum,pp_tb,200,8,372.6,198,5,126,,,,,,
peltophorum_pterocarpum,pp_tb,200,9,340.4,209,5,116,,,,,,
peltophorum_pterocarpum,pp_tb,200,10,313.6,204,5,101,,,,,,
syzygium_armstrongii,sa_81,45,1,243,122,5,34,19.6,16.65,25.93,0.15,0.17,0.19
syzygium_armstrongii,sa_81,45,2,202.2,65,2,33,34.3,19.32,19.22,0.2,0.06,0.08
syzygium_armstrongii,sa_81,45,3,153.9,17,9,33,27.48,26.34,30.39,0.23,0.22,0.18
syzygium_armstrongii,sa_81,45,4,262.4,114,5,71,14.01,26.46,23.21,0.12,0.27,0.22
syzygium_armstrongii,sa_81,45,5,240.5,121,9,38,28.51,12.42,16.96,0.23,0.04,0.16
syzygium_armstrongii,sa_81,45,6,163.4,69,7,25,20.4,27.42,26.99,0.11,0.18,0.17
syzygium_armstrongii,sa_81,45,7,209.3,7,4,40,20.31,22,20.29,0.11,0.15,0.15
syzygium_armstrongii,sa_81,45,8,237.4,123,5,55,24.66,26.21,18.38,0.18,0.27,0.18
syzygium_armstrongii,sa_81,45,9,206.3,3,3,39,21.56,33.11,25.61,0.12,0.19,0.16
syzygium_armstrongii,sa_81,45,10,248.3,112,9,50,42.11,26.56,23.21,0.32,0.14,0.24
syzygium_armstrongii,sa_3,100,1,306.8,123,8,57,15.74,17.95,30.79,0.17,0.15,0.27
syzygium_armstrongii,sa_3,100,2,323.9,130,6,71,27.33,20.85,35.22,0.21,0.22,0.36
syzygium_armstrongii,sa_3,100,3,266.4,122,7,77,9.96,10.93,20.48,0.1,0.1,0.24
syzygium_armstrongii,sa_3,100,4,293.5,109,8,84,13.48,17.74,21.34,0.14,0.1,0.08
syzygium_armstrongii,sa_3,100,5,278,110,6,75,20.39,24.45,20.78,0.15,0.19,0.16
syzygium_armstrongii,sa_3,100,6,284,117,10,59,16.63,16.34,20.8,0.14,0.19,0.19
syzygium_armstrongii,sa_3,100,7,312.6,113,9,92,16.46,17.89,17.59,0.19,0.19,0.15
syzygium_armstrongii,sa_3,100,8,285,93,10,74,16.74,18.49,15.53,0.14,0.16,0.14
syzygium_armstrongii,sa_3,100,9,298.9,122,6,67,30.45,26.39,25.51,0.25,0.23,0.18
syzygium_armstrongii,sa_3,100,10,272,105,11,87,12.01,14.03,17.07,0.09,0.11,0.15
syzygium_australe_bigred,sa_75,30,1,128.7,54,34,10,12.12,8.61,10.31,0.12,0.07,0.11
syzygium_australe_bigred,sa_75,30,2,155,77,45,8,7.66,7.85,12.81,0.07,0.07,0.08
syzygium_australe_bigred,sa_75,30,3,147.1,64,52,6,14.95,6.14,13.99,0.1,0.03,0.11
syzygium_australe_bigred,sa_75,30,4,155.3,50,62,7,10.02,6.69,9.46,0.05,0.09,0.11
syzygium_australe_bigred,sa_75,30,5,157.1,64,43,11,6.69,7.11,7.85,0.05,0.03,0.1
syzygium_australe_bigred,sa_75,30,6,140.3,47,34,10,8.11,8.51,6.62,0.07,0.1,0.07
syzygium_australe_bigred,sa_75,30,7,159.3,49,53,6,6.71,7.82,7.3,0.07,0.06,0.08
syzygium_australe_bigred,sa_75,30,8,156,41,52,6,6.76,6.72,18.61,0.07,0.08,0.18
syzygium_australe_bigred,sa_75,30,9,116.1,52,27,10,6.71,4.12,8.95,0.08,0.02,0.09
syzygium_australe_bigred,sa_75,30,10,148.4,48,54,5,6.95,7.36,6.11,0.05,0.09,0.07
syzygium_cunninghamiana,sc_72,20,1,282.4,113,85,5,61.25,41.74,44.46,0.86,0.58,0.64
syzygium_cunninghamiana,sc_72,20,2,320.6,76,60,6,53.26,61.16,49.08,0.83,0.85,0.8
syzygium_cunninghamiana,sc_72,20,3,202.9,59,53,2,51.82,39.68,70.53,0.52,0.43,0.98
syzygium_cunninghamiana,sc_72,20,4,213.4,82,80,5,39.12,69.03,34.78,0.59,0.99,0.45
syzygium_cunninghamiana,sc_72,20,5,154.5,93,88,3,26.98,53.82,57.4,0.32,0.67,0.77
syzygium_cunninghamiana,sc_72,20,6,232.3,64,55,3,44.61,44.91,58.91,0.68,0.61,0.75
syzygium_cunninghamiana,sc_72,20,7,299.7,55,80,2,68.31,80,38.9,0.91,1.15,0.56
terminalia_microcarpa,tm_75,20,1,207.1,138,1,53,34.59,47.07,57.31,0.17,0.32,0.38
terminalia_microcarpa,tm_75,20,2,215.9,107,4,38,46.75,44.16,22.35,0.2,0.24,0.12
terminalia_microcarpa,tm_75,20,3,217.8,167,4,30,32.48,29.49,66.45,0.35,0.28,0.38
terminalia_microcarpa,tm_75,20,4,294.8,113,3,63,42.68,23.13,13.88,0.47,0.16,0.1
terminalia_microcarpa,tm_75,20,5,217,118,5,45,22.35,58.31,40.08,0.26,0.55,0.23
terminalia_microcarpa,tm_75,20,6,217.5,101,4,50,46.85,29.18,39.81,0.21,0.25,0.36
terminalia_microcarpa,tm_75,20,7,212.4,124,3,84,17.12,19.49,35.79,0.07,0.18,0.34
terminalia_microcarpa,tm_75,20,8,190.4,147,5,58,44.23,23.71,62.94,0.25,0.12,0.37
terminalia_microcarpa,tm_75,20,9,199.6,134,2,47,14.19,22.95,48.11,0.06,0.12,0.27
terminalia_microcarpa,tm_75,20,10,181.8,131,3,41,24.54,28.16,31.75,0.2,0.32,0.21
xanthostemon_chrysanthus,xc_72,20,1,119.4,49,14,17,19.49,21.51,16.75,0.25,0.28,0.14
xanthostemon_chrysanthus,xc_72,20,2,133.1,50,5,25,26.27,7.44,14.99,0.33,0.06,0.18
xanthostemon_chrysanthus,xc_72,20,3,148.2,52,7,24,14.13,13.11,28.66,0.16,0.1,0.29
xanthostemon_chrysanthus,xc_72,20,4,139.4,64,12,15,15.24,9.87,9.19,0.11,0.09,0.06
xanthostemon_chrysanthus,xc_72,20,5,154.8,48,7,27,17.51,19.4,26.63,0.19,0.22,0.31
xanthostemon_chrysanthus,xc_72,20,6,86.5,20,7,18,19.96,21.64,28.78,0.15,0.18,0.39
xanthostemon_chrysanthus,xc_72,20,7,120.5,44,4,29,18.15,19.53,28.33,0.13,0.18,0.34
xanthostemon_chrysanthus,xc_72,20,8,120.2,18,7,32,15.22,9.67,23.2,0.14,0.11,0.34
xanthostemon_chrysanthus,xc_72,20,9,143.9,49,7,17,7.73,8.41,,0.1,0.09,
xanthostemon_chrysanthus,xc_72,20,10,102,3,1,23,32.73,10.22,12.08,0.26,0.17,0.09
delonix_regia,dr_tb,100,1,273.4,169,3,55,,,,,,
delonix_regia,dr_tb,100,2,247.5,153,3,96,,,,,,
delonix_regia,dr_tb,100,3,272.3,150,3,63,,,,,,
delonix_regia,dr_tb,100,4,271.6,154,8,56,,,,,,
delonix_regia,dr_tb,100,5,297.5,166,2,93,,,,,,
delonix_regia,dr_tb,100,6,260.6,157,3,68,,,,,,
delonix_regia,dr_tb,100,7,272.7,181,5,38,,,,,,
delonix_regia,dr_tb,100,8,261.6,130,3,75,,,,,,
delonix_regia,dr_tb,100,9,297.1,160,4,105,,,,,,
delonix_regia,dr_tb,100,10,297.4,182,4,95,,,,,,
