batch_id,species,volume,treenumb,canopy_top,canopy_bottom,branchper30,maxbranchradius,leafarea1,leafarea2,leafarea3,leafmass1,leafmass2,leafmass3
12973,agonis_flexuosa,35,1,140,44,2,54,12.7,5.1,4.3,0.29,0.2,0.17
12973,agonis_flexuosa,35,2,141.9,15,9,72,9,4.2,5.1,0.24,0.15,0.17
12973,agonis_flexuosa,35,3,108.6,20,7,108,8.8,6.7,7.4,0.23,0.22,0.22
12973,agonis_flexuosa,35,4,131.2,35,6,110,8,8.8,6,0.23,0.22,0.19
12973,agonis_flexuosa,35,5,115,22,8,64,4.4,4.6,7.4,0.15,0.15,0.2
12973,agonis_flexuosa,35,6,166.1,15,6,86,7.3,3.9,7.1,0.2,0.12,0.21
12973,agonis_flexuosa,35,7,152.4,22,11,80,6.5,5.6,3.6,0.24,0.2,0.14
12973,agonis_flexuosa,35,8,115.3,24,10,70,3.4,4.6,12.3,0.14,0.17,0.27
12973,agonis_flexuosa,35,9,123.4,18,6,83,7,6.9,6.4,0.21,0.22,0.2
12973,agonis_flexuosa,35,10,190.5,31,7,56,14,10.4,12.4,0.39,0.31,0.37
14192,agonis_flexuosa,75,1,119.5,5,14,62,6.3,8.1,6,0.115,0.138,0.108
14192,agonis_flexuosa,75,2,152.7,7,11,75,5.4,7.1,8.3,0.106,0.132,0.158
14192,agonis_flexuosa,75,3,127.5,17,7,73,8.3,8.5,9.7,0.181,0.172,0.194
14192,agonis_flexuosa,75,4,170.5,21,7,90,8.3,8,9.2,0.164,0.142,0.183
14192,agonis_flexuosa,75,5,217.6,26,12,84,5.2,4.8,4.6,0.088,0.084,0.069
14192,agonis_flexuosa,75,6,151,14,11,77,6.9,8.9,10.3,0.122,0.165,0.191
14192,agonis_flexuosa,75,7,165.9,13,11,79,5.6,7.1,6.8,0.102,0.121,0.131
14192,agonis_flexuosa,75,8,179.8,2,9,60,4,3.4,3.7,0.073,0.059,0.066
14192,agonis_flexuosa,75,9,145.2,16,9,89,6.8,8,8.8,0.099,0.117,0.12
14192,agonis_flexuosa,75,10,156.1,18,12,82,5,5.5,5.7,0.083,0.103,0.098
13705,agonis_flexuosa,150,1,199,33,6,99,4.95,6.96,4.9,0.03,0.11,0.07
13705,agonis_flexuosa,150,2,176.7,30,8,94,5,4.7,4.21,0.04,0.06,0.04
13705,agonis_flexuosa,150,3,188.7,40,4,98,6,5.6,4.9,0.08,0.07,0.05
13705,agonis_flexuosa,150,4,261.2,47,5,119,4.34,5.67,4.9,0.04,0.09,0.1
13705,agonis_flexuosa,150,5,175.8,32,5,64,3.59,2.4,3.82,0.06,0.04,0.07
13705,agonis_flexuosa,150,6,185.4,28,7,84,4.7,5.83,5.02,0.09,0.11,0.09
13705,agonis_flexuosa,150,7,193.1,28,7,88,6.01,6.05,5.9,0.11,0.08,0.09
13705,agonis_flexuosa,150,8,186.3,39,5,134,15.94,6.78,9.18,0.24,0.12,0.12
13705,agonis_flexuosa,150,9,198.5,33,3,92,8.12,6.64,9.68,0.12,0.09,0.14
13705,agonis_flexuosa,150,10,202.7,36,6,71,7.2,7.81,4.9,0.09,0.11,0.06
13765,agonis_flexuosa,300,1,269,92,6,179,9.4,6.9,6,0.214,0.153,0.114
13765,agonis_flexuosa,300,2,234.3,62,9,127,3.3,3.3,2.3,0.05,0.05,0.053
13765,agonis_flexuosa,300,3,229.4,55,6,158,3,3.2,3.1,0.062,0.059,0.056
13765,agonis_flexuosa,300,4,315.7,44,8,132,4.5,5.3,3.2,0.08,0.084,0.057
13765,agonis_flexuosa,300,5,249.8,52,5,132,5.1,3.7,6.3,0.105,0.075,0.124
13765,agonis_flexuosa,300,6,270.7,65,7,131,4,6,5.6,0.079,0.121,0.111
13765,agonis_flexuosa,300,7,306.5,46,8,120,3.1,4.2,4.6,0.076,0.09,0.084
13765,agonis_flexuosa,300,8,300.7,52,8,183,10.7,9.3,6.9,0.125,0.148,0.08
13765,agonis_flexuosa,300,9,326.3,114,3,171,6.2,4.4,6.9,0.131,0.088,0.128
13765,agonis_flexuosa,300,10,354.6,85,2,223,8.5,5.5,5.3,0.158,0.078,0.069
11980,agonis_flexuosa,500,1,403,164,7,210,5.01,4.42,5,0.07,0.11,0.11
11980,agonis_flexuosa,500,2,428.5,84,3,149,7.51,6.64,5.71,0.19,0.17,0.15
11980,agonis_flexuosa,500,3,402.7,95,2,188,5.2,4.7,5.51,0.07,0.05,0.09
11980,agonis_flexuosa,500,4,422.5,114,1,215,6.63,6.44,6.31,0.18,0.16,0.12
11980,agonis_flexuosa,500,5,483.4,184,3,141,4.59,5.02,4.19,0.08,0.1,0.11
11980,agonis_flexuosa,500,6,389.6,117,3,138,4.29,3.76,4.48,0.12,0.07,0.11
11980,agonis_flexuosa,500,7,453.7,103,3,140,4.16,3.74,3.33,0.12,0.12,0.08
11980,agonis_flexuosa,500,8,534,185,3,118,5.24,4.48,4.72,0.18,0.09,0.14
11980,agonis_flexuosa,500,9,422.7,123,2,154,4.95,4.01,4.69,0.07,0.13,0.08
11980,agonis_flexuosa,500,10,472.4,172,3,157,4.49,5.81,5.57,0.11,0.07,0.1
14195,angophora_costata,100,1,226.3,46,7,86,22.78,22.79,30.09,0.42,0.41,0.59
14195,angophora_costata,100,2,257.5,50,10,76,15.23,19.71,19.38,0.25,0.31,0.31
14195,angophora_costata,100,3,231.4,59,5,72,20.98,19.73,22.18,0.28,0.29,0.34
14195,angophora_costata,100,4,216.5,42,10,77,14.18,24.32,22.09,0.24,0.46,0.4
14195,angophora_costata,100,5,238,45,9,70,20.41,21.16,20.1,0.29,0.4,0.33
14195,angophora_costata,100,6,225.5,46,10,84,24.33,24.76,20.69,0.4,0.42,0.34
14195,angophora_costata,100,7,207.5,71,8,71,18.18,18.78,22.83,0.28,0.28,0.35
14195,angophora_costata,100,8,244.5,51,10,77,19.13,21.92,19.25,0.35,0.36,0.36
14195,angophora_costata,100,9,198.6,40,11,73,17.92,15.44,18.5,0.2,0.22,0.27
14195,angophora_costata,100,10,212.6,47,9,74,21.41,15.06,19.54,0.4,0.24,0.32
13655,angophora_costata,150,1,321.1,101,6,86,19.5,18.9,19.3,0.43,0.39,0.36
13655,angophora_costata,150,2,267.5,124,6,60,13.5,10.6,12.1,0.24,0.14,0.22
13655,angophora_costata,150,3,274.3,108,7,90,17.8,18.4,23.1,0.3,0.32,0.42
13655,angophora_costata,150,4,263.5,115,6,61,15.6,22.1,19.9,0.31,0.46,0.4
13655,angophora_costata,150,5,260.3,96,5,79,21.7,21.1,16.9,0.39,0.52,0.38
13655,angophora_costata,150,6,223.8,71,3,85,22.6,27.18,28.2,0.43,0.49,0.49
13655,angophora_costata,150,7,296.5,105,6,70,20.8,17.1,13.2,0.39,0.29,0.25
13655,angophora_costata,150,8,320.6,104,7,82,22.8,22.3,14.6,0.39,0.39,0.28
13655,angophora_costata,150,9,309.4,105,7,63,23.5,24,24.1,0.5,0.52,0.47
13655,angophora_costata,150,10,275.4,60,6,92,24,19.8,19.4,0.5,0.35,0.33
13097,araucaria_heterophylla,75,1,189.1,40,18,58,,,,,,
13097,araucaria_heterophylla,75,2,133.4,38,16,53,,,,,,
13097,araucaria_heterophylla,75,3,119.6,36,20,51,,,,,,
13097,araucaria_heterophylla,75,4,121.6,30,15,52,,,,,,
13097,araucaria_heterophylla,75,5,111.9,31,12,52,,,,,,
13097,araucaria_heterophylla,75,6,127.2,32,19,56,,,,,,
13097,araucaria_heterophylla,75,7,113.3,30,17,54,,,,,,
13097,araucaria_heterophylla,75,8,127,33,16,53,,,,,,
13097,araucaria_heterophylla,75,9,139.2,35,15,59,,,,,,
13097,araucaria_heterophylla,75,10,135.2,33,15,40,,,,,,
13763,araucaria_heterophylla,500,1,393.3,121,9,135,,,,,,
13763,araucaria_heterophylla,500,2,308.9,139,10,136,,,,,,
13763,araucaria_heterophylla,500,3,349.1,119,13,113,,,,,,
13763,araucaria_heterophylla,500,4,321.7,117,19,114,,,,,,
13763,araucaria_heterophylla,500,5,350.2,123,11,100,,,,,,
13763,araucaria_heterophylla,500,6,432.5,123,10,137,,,,,,
13763,araucaria_heterophylla,500,7,425.5,126,11,98,,,,,,
14717,araucaria_heterophylla,1000,1,435.7,160,10,110,,,,,,
14717,araucaria_heterophylla,1000,2,411.3,162,11,181,,,,,,
14717,araucaria_heterophylla,1000,3,388.8,176,10,149,,,,,,
14717,araucaria_heterophylla,1000,4,478.6,162,4,163,,,,,,
14717,araucaria_heterophylla,1000,5,562,181,13,170,,,,,,
14717,araucaria_heterophylla,1000,6,493.4,171,10,159,,,,,,
14717,araucaria_heterophylla,1000,7,487.6,148,12,125,,,,,,
14717,araucaria_heterophylla,1000,8,389.2,72,10,123,,,,,,
14717,araucaria_heterophylla,1000,9,436.4,197,13,187,,,,,,
14717,araucaria_heterophylla,1000,10,569,157,10,147,,,,,,
14727,banksia_integrifolia,75,1,165.7,33,3,47,30.04,16.93,26.58,0.78,0.42,0.65
14727,banksia_integrifolia,75,2,231.5,0,0,11,28.71,27.15,28.01,0.64,0.61,0.71
14727,banksia_integrifolia,75,3,233.5,105,2,29,30.23,28.41,43.19,0.72,0.64,1.16
14727,banksia_integrifolia,75,4,228.5,114,8,23,38.21,37.31,19.04,1.08,0.95,0.49
14727,banksia_integrifolia,75,5,222.4,20,4,32,24.73,33.06,25.73,0.6,0.89,0.63
14727,banksia_integrifolia,75,6,257.6,10,7,32,18.71,32.22,36.73,0.45,0.81,0.88
14727,banksia_integrifolia,75,7,259.9,63,4,27,21.36,23.12,18.24,0.58,0.6,0.43
14727,banksia_integrifolia,75,8,207.7,133,12,34,27.45,26.81,28.44,0.66,0.61,0.64
14727,banksia_integrifolia,75,9,236.6,7,5,30,23.98,28.91,28.05,0.65,0.79,0.74
14727,banksia_integrifolia,75,10,171.6,100,12,33,30.56,27.86,30.12,0.8,0.68,0.72
13767,banksia_integrifolia,150,1,329,137,3,51,16.3,14.2,16.3,0.28,0.35,0.32
13767,banksia_integrifolia,150,2,379.8,116,8,96,17.9,33,25.3,0.3,0.65,0.51
13767,banksia_integrifolia,150,3,376.2,104,3,51,30.9,23.4,25.9,0.63,0.54,0.5
13767,banksia_integrifolia,150,4,290.4,102,16,60,16.8,8.2,11.1,0.3,0.14,0.18
13767,banksia_integrifolia,150,5,309.6,124,4,77,16.8,45.2,16.9,0.34,1.03,0.4
13767,banksia_integrifolia,150,6,255.9,99,12,72,14.7,27.1,23.2,0.25,0.5,0.41
13767,banksia_integrifolia,150,7,187.2,100,4,72,16.7,20.9,27.6,0.33,0.37,0.48
13767,banksia_integrifolia,150,8,220.4,93,2,83,15.7,9.2,26.5,0.26,0.16,0.62
13767,banksia_integrifolia,150,9,319.3,112,16,46,15.6,27.4,25.2,0.26,0.43,0.43
13767,banksia_integrifolia,150,10,250.4,99,18,85,29,28.2,15.8,0.57,0.48,0.28
12713,callistemon_kingsparkspecial,35,1,168,16,7,33,4.8,5.3,3.5,0.22,0.25,0.18
12713,callistemon_kingsparkspecial,35,2,125.2,22,7,36,3.6,4.1,3.7,0.17,0.18,0.16
12713,callistemon_kingsparkspecial,35,3,164.8,22,9,38,3.7,4.2,4.6,0.18,0.19,0.2
12713,callistemon_kingsparkspecial,35,4,123,25,7,33,2.5,3.5,4.6,0.16,0.14,0.24
12713,callistemon_kingsparkspecial,35,5,133.2,10,4,55,4.4,3.8,4.8,0.19,0.17,0.18
12713,callistemon_kingsparkspecial,35,6,117.5,37,5,62,3.2,3.3,3.8,0.15,0.16,0.17
12713,callistemon_kingsparkspecial,35,7,127,23,6,48,2.6,2.9,2.6,0.14,0.16,0.15
12713,callistemon_kingsparkspecial,35,8,102.5,14,5,46,1.7,4.2,4,0.13,0.2,0.19
12713,callistemon_kingsparkspecial,35,9,157.6,23,8,47,3.3,2.8,2.9,0.19,0.16,0.17
12713,callistemon_kingsparkspecial,35,10,126.3,20,6,49,4.8,5.3,4.4,0.18,0.19,0.16
13526,callistemon_kingsparkspecial,75,1,149,25,6,74,4.14,4.94,4.01,0.138,0.152,0.207
13526,callistemon_kingsparkspecial,75,2,155.5,27,7,81,4,3.42,2.66,0.109,0.087,0.068
13526,callistemon_kingsparkspecial,75,3,192,25,11,63,4.67,4.58,3.94,0.14,0.134,0.103
13526,callistemon_kingsparkspecial,75,4,178.4,37,11,76,5.73,4.11,3.44,0.169,0.109,0.098
13526,callistemon_kingsparkspecial,75,5,174.4,24,6,79,3.09,3.92,4.52,0.075,0.101,0.119
13526,callistemon_kingsparkspecial,75,6,178.3,28,5,76,3.81,3.79,6.04,0.098,0.107,0.173
13526,callistemon_kingsparkspecial,75,7,169.9,18,6,64,4.02,4.18,22.96,0.094,0.104,0.074
13526,callistemon_kingsparkspecial,75,8,187.8,17,13,82,7.26,5.66,3.94,0.213,0.164,0.121
13526,callistemon_kingsparkspecial,75,9,172.6,16,9,64,3.95,4.72,3.66,0.094,0.12,0.082
13526,callistemon_kingsparkspecial,75,10,184.5,19,4,70,7.15,6.14,5.51,0.203,0.189,0.154
12430,callistemon_kingsparkspecial,150,1,248.8,124,11,68,3.5,2.5,5.9,0.112,0.06,0.206
12430,callistemon_kingsparkspecial,150,2,281.8,132,8,62,4.7,4,7.2,0.164,0.121,0.247
12430,callistemon_kingsparkspecial,150,3,264,111,7,89,4.2,6.9,4.5,0.138,0.227,0.155
12430,callistemon_kingsparkspecial,150,4,253.7,111,5,60,3.8,4.6,3.2,0.128,0.156,0.117
12430,callistemon_kingsparkspecial,150,5,225,93,8,70,4.3,5.7,4.9,0.095,0.153,0.13
12430,callistemon_kingsparkspecial,150,6,272.3,97,4,95,3.8,4.5,3.4,0.121,0.121,0.1
12430,callistemon_kingsparkspecial,150,7,268.2,107,6,72,3.4,3.9,4.6,0.1,0.117,0.128
12430,callistemon_kingsparkspecial,150,8,254.3,111,7,98,4.7,5.1,4.6,0.126,0.147,0.149
12430,callistemon_kingsparkspecial,150,9,279.6,145,10,70,4.9,6.3,5.4,0.143,0.155,0.146
12430,callistemon_kingsparkspecial,150,10,295.5,108,6,96,5.6,6.3,7.3,0.159,0.187,0.225
12326,callistemon_kingsparkspecial,300,1,308.3,125,7,103,4.2,4.4,4.4,0.152,0.145,0.138
12326,callistemon_kingsparkspecial,300,2,292.5,135,8,139,5.1,6.1,4.4,0.177,0.206,0.142
12326,callistemon_kingsparkspecial,300,3,302,130,3,141,3.5,2.4,2.3,0.109,0.075,0.083
12326,callistemon_kingsparkspecial,300,4,318.5,153,7,106,3.3,2.9,2.5,0.095,0.087,0.081
12326,callistemon_kingsparkspecial,300,5,333.3,128,5,109,3.9,4.9,6.3,0.116,0.187,0.203
12326,callistemon_kingsparkspecial,300,6,329.9,138,5,84,3,2.7,2.7,0.088,0.079,0.083
12326,callistemon_kingsparkspecial,300,7,319.6,159,7,110,4.7,3.5,4.4,0.167,0.129,0.156
12326,callistemon_kingsparkspecial,300,8,330.6,145,5,143,3.3,3,2.8,0.103,0.087,0.082
12326,callistemon_kingsparkspecial,300,9,308.8,152,5,92,4.4,4,4.1,0.136,0.12,0.128
12326,callistemon_kingsparkspecial,300,10,309.8,154,10,131,3.5,3,2.3,0.105,0.108,0.075
14282,corymbia_citriodora,75,1,140,39,7,59,18.7,20.7,35.5,0.35,0.36,0.67
14282,corymbia_citriodora,75,2,157.8,38,7,56,22.9,21,27.6,0.43,0.41,0.54
14282,corymbia_citriodora,75,3,152,57,9,39,40.3,40,35.6,0.75,0.76,0.68
14282,corymbia_citriodora,75,4,129.1,60,4,54,21.2,20.6,27.9,0.38,0.4,0.49
14282,corymbia_citriodora,75,5,159.2,71,8,43,19.7,23.1,23.1,0.35,0.4,0.41
14282,corymbia_citriodora,75,6,145.5,57,9,55,17.7,34.6,28.4,0.31,0.58,0.51
14282,corymbia_citriodora,75,7,159.4,39,4,53,24.8,15.2,18.8,0.34,0.21,0.23
14282,corymbia_citriodora,75,8,139.4,63,8,66,22.8,32.3,18,0.41,0.65,0.31
14282,corymbia_citriodora,75,9,128.8,46,9,47,32.8,39.3,37.7,0.57,0.55,0.78
14282,corymbia_citriodora,75,10,127.5,45,8,52,24.7,19.1,17.3,0.46,0.35,0.32
12908,corymbia_citriodora,150,1,179.7,38,7,57,28.6,19.9,18.5,0.61,0.42,0.34
12908,corymbia_citriodora,150,2,171.1,27,7,72,21.2,21.2,27.2,0.45,0.42,0.62
12908,corymbia_citriodora,150,3,205.7,36,7,73,15.9,16.8,19.3,0.3,0.35,0.35
12908,corymbia_citriodora,150,4,223.9,39,8,92,28.6,25.1,20.9,0.51,0.44,0.32
12908,corymbia_citriodora,150,5,195.5,32,6,74,25.9,24.6,26.1,0.59,0.51,0.54
12908,corymbia_citriodora,150,6,195.5,37,12,57,19.9,19.3,26.1,0.33,0.36,0.46
12908,corymbia_citriodora,150,7,181.4,51,10,58,14.9,20.9,21,0.29,0.49,0.46
12908,corymbia_citriodora,150,8,193.6,65,9,78,13.9,17.7,20,0.25,0.35,0.43
12908,corymbia_citriodora,150,9,159.5,43,14,62,21.3,20.7,25.4,0.45,0.39,0.45
12908,corymbia_citriodora,150,10,177,33,9,71,27.2,26.9,17.2,0.55,0.58,0.31
14713,corymbia_ficifolia,1000,1,281.9,70,2,151,51.84,32.21,36.76,0.94,0.5,0.61
14713,corymbia_ficifolia,1000,2,252.3,80,1,125,29.75,37.02,54.12,0.67,0.71,1.01
14713,corymbia_ficifolia,1000,3,259.1,97,1,115,30.73,28.18,38.81,0.52,0.63,0.71
14713,corymbia_ficifolia,1000,4,263,115,2,142,36.48,46.33,29.95,0.64,0.9,0.61
14713,corymbia_ficifolia,1000,5,240.7,100,3,94,34.38,85.83,48.39,0.64,1.75,0.96
14713,corymbia_ficifolia,1000,6,181,60,2,109,54.3,47.7,63.78,0.97,0.95,1.32
14713,corymbia_ficifolia,1000,7,239.4,115,6,110,25.66,26.6,13.56,0.6,0.53,0.35
14713,corymbia_ficifolia,1000,8,228.6,100,5,111,58.26,63.21,46.01,0.92,1.33,1
14713,corymbia_ficifolia,1000,9,238.5,60,2,105,69.75,58.72,57.06,1.43,0.99,1.02
14713,corymbia_ficifolia,1000,10,274.6,100,6,130,87.91,49.92,58.86,1.77,0.97,1.29
14915,corymbia_maculata,45,1,213.8,28,6,60,32.3,50,107.5,0.52,0.9,2.04
14915,corymbia_maculata,45,2,208.7,19,4,63,44.8,68.2,47.1,0.77,1.06,0.75
14915,corymbia_maculata,45,3,212.3,14,7,71,22.4,47.9,48.5,0.41,0.87,0.9
14915,corymbia_maculata,45,4,154.6,20,5,67,22.8,30.3,52.2,0.3,0.49,0.96
14915,corymbia_maculata,45,5,252,27,7,84,30.3,58.3,57.8,0.61,1.09,1
14915,corymbia_maculata,45,6,199.7,31,4,74,88.1,80,56.4,1.66,0.77,1.33
14915,corymbia_maculata,45,7,205.8,25,3,81,52.7,38,42.7,0.89,0.65,0.69
14915,corymbia_maculata,45,8,207.8,15,4,80,56.5,49.8,49.4,1,0.86,0.65
14915,corymbia_maculata,45,9,218.6,22,7,60,43.5,21.3,36.2,0.75,0.36,0.7
14915,corymbia_maculata,45,10,224,25,6,52,29.1,34.9,50.7,0.55,0.62,0.89
14915,corymbia_maculata,65,1,188.3,41,7,77,49.6,81.1,27.5,0.73,1.22,0.38
14915,corymbia_maculata,65,2,200.2,23,7,71,23.8,33.9,33.2,0.41,0.58,0.54
14915,corymbia_maculata,65,3,192.2,18,6,63,26.8,37,30.5,0.42,0.5,0.43
14915,corymbia_maculata,65,4,202.4,22,6,59,38,36.2,33.4,0.39,0.44,0.43
14915,corymbia_maculata,65,5,183.8,13,5,80,29.6,36,45,0.39,0.51,0.63
14915,corymbia_maculata,65,6,212.9,21,6,50,35.9,72,52.4,0.6,1.03,0.67
14915,corymbia_maculata,65,7,215.6,33,4,51,62.4,34.6,44.9,0.98,0.51,0.78
14915,corymbia_maculata,65,8,211,32,6,71,42.8,78.1,31.9,0.57,1.17,0.37
14915,corymbia_maculata,65,9,211.6,9,6,68,42.3,32.8,30,0.72,0.48,0.48
14915,corymbia_maculata,65,10,206.6,32,2,53,19.3,36.6,27.1,0.22,0.51,0.39
14193,corymbia_maculata,100,1,276.7,66,6,71,43.68,38.91,34.98,0.78,0.59,0.61
14193,corymbia_maculata,100,2,254.5,64,5,61,35.48,36.73,35.26,0.69,0.72,0.74
14193,corymbia_maculata,100,3,285.4,54,8,98,25.52,34.19,33.92,0.43,0.56,0.65
14193,corymbia_maculata,100,4,245.7,48,4,63,19.96,24.78,23.13,0.35,0.38,0.46
14193,corymbia_maculata,100,5,292.8,62,5,59,34.32,24.68,35.5,0.57,0.4,0.63
14193,corymbia_maculata,100,6,260.1,53,6,66,64.23,34.8,20.23,1.21,0.61,0.33
14193,corymbia_maculata,100,7,260.2,53,6,74,43.32,21.24,29.84,0.85,0.39,0.54
14193,corymbia_maculata,100,8,276.9,54,5,78,28.85,20.56,32.54,0.55,0.38,0.67
14193,corymbia_maculata,100,9,327.7,74,5,68,50.28,40.36,39.54,0.9,0.68,0.58
14193,corymbia_maculata,100,10,287.7,81,6,77,20.07,33.47,33.48,0.34,0.67,0.56
14109,corymbia_maculata,200,1,349.5,81,6,67,19.7,43.3,28.9,0.39,0.84,0.53
14109,corymbia_maculata,200,2,408.7,85,4,85,48.7,57.8,49.5,0.89,1.22,0.9
14109,corymbia_maculata,200,3,313.6,75,4,74,23.7,24.9,40.9,0.45,0.47,0.71
14109,corymbia_maculata,200,4,366.5,84,3,79,19.9,41.1,24.1,0.32,0.61,0.37
14109,corymbia_maculata,200,5,412.5,75,5,73,25.5,24.4,42.5,0.5,0.49,0.83
14109,corymbia_maculata,200,6,367,91,5,66,58,62.9,72,1.26,1.17,1.33
14109,corymbia_maculata,200,7,329.7,78,6,76,29.6,27.1,18.7,0.6,0.51,0.28
14109,corymbia_maculata,200,8,369.8,78,4,77,38.3,32,49.8,0.73,0.62,0.83
14109,corymbia_maculata,200,9,447.3,79,4,85,38.9,31,54.9,0.51,0.51,1.09
14109,corymbia_maculata,200,10,364.7,96,5,68,32.8,36,27.3,0.62,0.71,0.47
14094,corymbia_maculata,400,1,502.7,86,3,105,42.6,29.2,27.4,0.99,0.45,0.46
14094,corymbia_maculata,400,2,474.4,93,3,106,28,32.2,32,0.6,0.6,0.58
14094,corymbia_maculata,400,3,573.3,69,2,125,41.8,21.5,52.6,0.86,0.42,1.11
14094,corymbia_maculata,400,4,492,91,2,77,27.3,30.1,37.2,0.55,0.64,0.7
14094,corymbia_maculata,400,5,584.2,87,3,125,39.5,48.6,49.4,0.63,0.75,0.83
14094,corymbia_maculata,400,6,493.3,106,4,100,49.8,23.3,36.9,1,0.47,0.7
14094,corymbia_maculata,400,7,538,95,4,96,33.6,46.3,44.6,0.78,0.98,0.94
14094,corymbia_maculata,400,8,533.7,99,5,124,51.6,30.1,37.8,1.11,0.52,0.8
14094,corymbia_maculata,400,9,554.6,80,5,108,44,52.9,33.1,0.95,1.34,0.67
14094,corymbia_maculata,400,10,478.3,98,5,105,54.7,35.5,40,1.2,0.76,0.85
7055,corymbia_maculata,1500,1,792.6,194,4,155,,,,,,
7055,corymbia_maculata,1500,2,746.2,215,1,165,,,,,,
7055,corymbia_maculata,1500,3,835.9,205,2,187,,,,,,
7055,corymbia_maculata,1500,4,793.2,200,3,175,,,,,,
7055,corymbia_maculata,1500,5,702.7,189,3,168,,,,,,
13828,delonix_regia,300,1,293.4,166,4,144,,,,,,
13828,delonix_regia,300,2,277.3,108,1,157,,,,,,
13828,delonix_regia,300,3,337.6,213,2,124,,,,,,
13828,delonix_regia,300,4,333.6,121,1,173,,,,,,
13828,delonix_regia,300,5,339.6,140,5,52,,,,,,
13828,delonix_regia,300,6,347.5,55,1,101,,,,,,
13828,delonix_regia,300,7,314,240,6,103,,,,,,
13828,delonix_regia,300,8,184,112,3,53,,,,,,
13828,delonix_regia,300,9,318,103,5,170,,,,,,
13828,delonix_regia,300,10,320,135,4,171,,,,,,
13709,eucalyptus_gomphocephala,150,1,220.4,68,7,85,21.8,15.9,15.3,0.41,0.32,0.36
13709,eucalyptus_gomphocephala,150,2,202,70,7,70,22.4,18.8,17.5,0.51,0.44,0.4
13709,eucalyptus_gomphocephala,150,3,227,75,11,62,16.7,21.4,18.4,0.35,0.43,0.31
13709,eucalyptus_gomphocephala,150,4,256.6,76,7,88,20,14.2,27,0.29,0.26,0.41
13709,eucalyptus_gomphocephala,150,5,213,77,10,79,26,31.2,17.6,0.61,0.64,0.41
13709,eucalyptus_gomphocephala,150,6,194,77,6,67,25.8,23.7,20.3,0.71,0.56,0.49
13709,eucalyptus_gomphocephala,150,7,235.5,90,8,77,13.4,18.2,11.3,0.24,0.36,0.22
13709,eucalyptus_gomphocephala,150,8,234.3,70,10,72,27.9,25.8,20,0.55,0.46,0.38
13709,eucalyptus_gomphocephala,150,9,262.5,50,6,87,22.3,22.3,23.7,0.37,0.34,0.34
13709,eucalyptus_gomphocephala,150,10,215.5,60,8,76,26.6,26.9,23.7,0.48,0.57,0.48
14125,eucalyptus_gomphocephala,400,1,337.7,114,8,113,20,26.7,15.5,0.35,0.54,0.28
14125,eucalyptus_gomphocephala,400,2,336,96,5,125,26.8,17.3,20.1,0.52,0.37,0.37
14125,eucalyptus_gomphocephala,400,3,320,75,5,95,28.4,24.8,19.9,0.54,0.4,0.39
14125,eucalyptus_gomphocephala,400,4,321.8,122,8,84,27.3,30.2,30.5,0.56,0.61,0.56
14125,eucalyptus_gomphocephala,400,5,356.9,120,8,113,26.5,30.6,19,0.32,0.41,0.25
14125,eucalyptus_gomphocephala,400,6,381.4,108,6,118,21.4,18.3,22.5,0.34,0.34,0.36
14125,eucalyptus_gomphocephala,400,7,310.7,64,4,119,27.9,27.5,29.3,0.47,0.43,0.44
14125,eucalyptus_gomphocephala,400,8,358.2,72,2,99,31.2,24.4,23.1,0.66,0.52,0.47
14125,eucalyptus_gomphocephala,400,9,392.9,81,3,108,14.9,13.2,13.1,0.29,0.3,0.22
14125,eucalyptus_gomphocephala,400,10,325.1,120,6,99,27.7,40.5,34,0.43,0.78,0.72
14804,eucalyptus_rudis,200,1,270,54,7,61,35.3,39.8,22.3,0.56,0.56,0.4
14804,eucalyptus_rudis,200,2,312,64,4,88,19.1,22.2,19,0.28,0.37,0.31
14804,eucalyptus_rudis,200,3,260.3,53,7,53,20.9,16,34.2,0.3,0.24,0.42
14804,eucalyptus_rudis,200,4,274.7,48,5,65,27.3,26.8,30.3,0.36,0.32,0.36
14804,eucalyptus_rudis,200,5,236.4,55,7,61,13.5,27.1,20.9,0.22,0.52,0.35
14804,eucalyptus_rudis,200,6,256.2,52,5,69,14.9,17.7,18.8,0.32,0.21,0.24
14804,eucalyptus_rudis,200,7,205.8,49,8,53,22.4,26.5,15.3,0.36,0.4,0.22
14804,eucalyptus_rudis,200,8,269.4,53,7,81,15.8,21.3,18.2,0.25,0.27,0.33
14804,eucalyptus_rudis,200,9,298.2,72,7,65,18.3,11.4,12.7,0.3,0.16,0.2
14804,eucalyptus_rudis,200,10,300.4,62,6,108,25.1,17.4,21.2,0.41,0.27,0.37
13855,eucalyptus_sideroxylon_rosea,75,1,251,79,4,94,4.5,5.51,4.91,0.119,0.13,0.13
13855,eucalyptus_sideroxylon_rosea,75,2,444.8,101,4,115,10.26,9.45,9.69,0.31,0.31,0.32
13855,eucalyptus_sideroxylon_rosea,75,3,308.6,86,10,84,17.91,11.7,12.05,0.4,0.26,0.25
13855,eucalyptus_sideroxylon_rosea,75,4,246.4,134,6,94,8.95,7.43,5.59,0.22,0.18,0.23
13855,eucalyptus_sideroxylon_rosea,75,5,217,65,7,103,16.28,14.52,29.98,0.44,0.42,0.91
13855,eucalyptus_sideroxylon_rosea,75,6,210.7,88,7,81,9.4,8.95,11.45,0.24,0.21,0.28
13855,eucalyptus_sideroxylon_rosea,75,7,378.4,113,4,100,7.88,4.95,6.1,0.14,0.07,0.12
13855,eucalyptus_sideroxylon_rosea,75,8,351,122,4,57,6.41,5.51,6.83,0.2,0.14,0.18
13855,eucalyptus_sideroxylon_rosea,75,9,337.2,120,6,135,11.46,8.9,11.64,0.42,0.25,0.3
13855,eucalyptus_sideroxylon_rosea,75,10,412,107,4,78,13.66,15.43,15.28,0.41,0.49,0.53
14112,eucalyptus_sideroxylon_rosea,400,1,333.9,93,10,123,17,14.9,20.9,0.5,0.51,0.69
14112,eucalyptus_sideroxylon_rosea,400,2,337.8,83,8,87,13.4,11.7,13,0.45,0.39,0.45
14112,eucalyptus_sideroxylon_rosea,400,3,369,82,7,126,22.9,17.9,25.2,0.53,0.44,0.59
14112,eucalyptus_sideroxylon_rosea,400,4,348,76,7,107,14.7,25.7,19.7,0.51,0.82,0.65
14112,eucalyptus_sideroxylon_rosea,400,5,337.8,80,8,111,21,17.1,23.4,0.74,0.55,0.79
14112,eucalyptus_sideroxylon_rosea,400,6,366.7,70,6,104,12.2,9.2,10.8,0.43,0.34,0.37
14112,eucalyptus_sideroxylon_rosea,400,7,313,72,7,116,12.7,8.7,7.5,0.46,0.3,0.28
14112,eucalyptus_sideroxylon_rosea,400,8,279.1,76,9,103,8.6,7.44,7.6,0.28,0.26,0.26
14112,eucalyptus_sideroxylon_rosea,400,9,362.4,80,3,105,13.3,6.9,14.5,0.54,0.25,0.49
14112,eucalyptus_sideroxylon_rosea,400,10,384.4,80,7,134,13.6,11.6,10.5,0.5,0.41,0.34
14801,eucalyptus_victrix,150,1,203.5,73,3,89,16.3,17.2,26.1,0.37,0.38,0.58
14801,eucalyptus_victrix,150,2,180.7,45,4,100,44.7,38.1,38.7,1.34,0.84,0.97
14801,eucalyptus_victrix,150,3,218,58,4,83,19.7,17.4,23.8,0.47,0.39,0.56
14801,eucalyptus_victrix,150,4,213.7,49,5,70,17.8,15.3,19.9,0.57,0.37,0.45
14801,eucalyptus_victrix,150,5,169.2,34,9,90,26.1,19.9,18.6,0.7,0.4,0.5
14801,eucalyptus_victrix,150,6,200,57,5,73,18.4,37.3,24.3,0.49,1.31,0.87
14801,eucalyptus_victrix,150,7,201.8,17,5,66,28.6,20.1,28.9,0.93,0.56,0.93
14801,eucalyptus_victrix,150,8,150,58,4,53,16.3,13.8,21.8,0.43,0.35,0.65
14801,eucalyptus_victrix,150,9,219.2,30,6,68,19.8,11.4,14.4,0.67,0.34,0.44
14801,eucalyptus_victrix,150,10,213.7,40,4,93,12.9,16.2,13.8,0.43,0.48,0.41
14159,eucalyptus_victrix,400,1,299.7,74,3,97,21.6,35.5,27.3,0.6,1.03,0.75
14159,eucalyptus_victrix,400,2,270.3,93,6,96,20,14.7,21.8,0.57,0.49,0.67
14159,eucalyptus_victrix,400,3,269.3,74,6,90,23.3,13,20.9,0.64,0.34,0.66
14159,eucalyptus_victrix,400,4,279.4,78,3,92,21.2,25.5,26.5,0.56,0.81,0.86
14159,eucalyptus_victrix,400,5,335.9,139,6,77,27.8,29,37,0.63,0.62,0.78
14159,eucalyptus_victrix,400,6,261.9,77,6,84,17.4,20.7,20.1,0.42,0.52,0.5
14159,eucalyptus_victrix,400,7,344.2,81,6,107,29.5,23.5,26.2,0.75,0.56,0.72
14159,eucalyptus_victrix,400,8,321.1,132,4,119,24.9,22.4,25.8,0.51,0.37,0.63
14159,eucalyptus_victrix,400,9,222.8,80,4,111,20.2,15,17.5,0.5,0.42,0.48
14218,eucalyptus_victrix,1000,1,350.4,79,3,126,23.33,20.03,19.44,0.73,0.67,0.5
14218,eucalyptus_victrix,1000,2,346.9,90,4,103,19.99,23.64,26.29,0.44,0.52,0.57
14218,eucalyptus_victrix,1000,3,418.2,135,1,155,34.06,19.52,18.26,0.79,0.51,0.36
14218,eucalyptus_victrix,1000,4,292.9,82,6,147,19.89,26.11,23.51,0.59,0.89,0.79
14218,eucalyptus_victrix,1000,5,343.2,110,4,120,19.71,14.33,18.8,0.64,0.33,0.54
14218,eucalyptus_victrix,1000,6,352.1,96,3,104,20.44,17.5,13.61,0.54,0.44,0.27
14218,eucalyptus_victrix,1000,7,337.3,80,3,118,37.49,4.31,39.44,0.85,1,1.01
13370,gleditsia_triacanthos_sunburst,100,1,250.6,102,4,44,,,,,,
13370,gleditsia_triacanthos_sunburst,100,2,220.9,98,7,31,,,,,,
13370,gleditsia_triacanthos_sunburst,100,3,235.4,102,3,44,,,,,,
13370,gleditsia_triacanthos_sunburst,100,4,226.9,92,6,52,,,,,,
13370,gleditsia_triacanthos_sunburst,100,5,227.5,86,4,21,,,,,,
13370,gleditsia_triacanthos_sunburst,100,6,240.4,106,2,20,,,,,,
13370,gleditsia_triacanthos_sunburst,100,7,249.6,89,3,60,,,,,,
13370,gleditsia_triacanthos_sunburst,100,8,249.7,101,3,39,,,,,,
13370,gleditsia_triacanthos_sunburst,100,9,265.5,101,6,89,,,,,,
13370,gleditsia_triacanthos_sunburst,100,10,244.8,124,5,75,,,,,,
13816,hibiscus_tiliaceus_rubra,75,1,190.4,32,4,49,36.5,41,49.3,0.45,0.48,0.67
13816,hibiscus_tiliaceus_rubra,75,2,193.7,30,6,43,32.3,35.2,33.8,0.46,0.48,0.36
13816,hibiscus_tiliaceus_rubra,75,3,216.5,30,4,60,42.8,42.8,49.9,0.59,0.53,0.66
13816,hibiscus_tiliaceus_rubra,75,4,209.2,30,4,58,35.6,55.2,25.9,0.46,0.75,0.35
13816,hibiscus_tiliaceus_rubra,75,5,227.4,34,4,48,35.1,36.7,56.5,0.49,0.46,0.88
13816,hibiscus_tiliaceus_rubra,75,6,205.2,30,5,52,51.5,29.9,27.3,0.73,0.39,0.32
13816,hibiscus_tiliaceus_rubra,75,7,213.4,32,5,50,30,39.9,38.1,0.41,0.58,0.57
13816,hibiscus_tiliaceus_rubra,75,8,217.4,33,5,56,41.4,77.3,53,0.51,1.05,0.69
13816,hibiscus_tiliaceus_rubra,75,9,204.2,41,6,49,44.4,39.6,54.9,0.55,0.56,0.71
13816,hibiscus_tiliaceus_rubra,75,10,193,17,4,40,33.7,39.1,35.2,0.45,0.41,0.46
12941,jacaranda_mimosifolia,75,1,196.4,125,7,49,,,,,,
12941,jacaranda_mimosifolia,75,2,248.2,164,8,44,,,,,,
12941,jacaranda_mimosifolia,75,3,234.8,90,3,90,,,,,,
12941,jacaranda_mimosifolia,75,4,314.5,129,3,159,,,,,,
12941,jacaranda_mimosifolia,75,5,231.1,109,8,52,,,,,,
12941,jacaranda_mimosifolia,75,6,227,93,3,86,,,,,,
13488,jacaranda_mimosifolia,500,1,696.8,174,2,186,,,,,,
13488,jacaranda_mimosifolia,500,2,489.4,191,3,224,,,,,,
13488,jacaranda_mimosifolia,500,3,629.1,154,1,224,,,,,,
13488,jacaranda_mimosifolia,500,4,533.5,151,3,163,,,,,,
13488,jacaranda_mimosifolia,500,5,729.1,393,4,160,,,,,,
13488,jacaranda_mimosifolia,500,6,638.8,131,2,188,,,,,,
13488,jacaranda_mimosifolia,500,7,627.5,176,2,177,,,,,,
13488,jacaranda_mimosifolia,500,8,547.3,159,1,159,,,,,,
d400r3,jacaranda_mimosifolia,1000,1,627.4,170,1,238,,,,,,
d400r3,jacaranda_mimosifolia,1000,2,388.1,187,3,234,,,,,,
d400r3,jacaranda_mimosifolia,1000,3,566.6,164,2,142,,,,,,
d400r3,jacaranda_mimosifolia,1000,4,584,147,4,180,,,,,,
d400r3,jacaranda_mimosifolia,1000,5,630,193,3,274,,,,,,
d400r3,jacaranda_mimosifolia,1000,6,575.6,155,2,289,,,,,,
jm1800,jacaranda_mimosifolia,1800,1,903,245,2,238,,,,,,
jm1800,jacaranda_mimosifolia,1800,2,725.9,235,4,312,,,,,,
jm1800,jacaranda_mimosifolia,1800,3,719.5,164,3,220,,,,,,
jm1800,jacaranda_mimosifolia,1800,4,865,193,1,244,,,,,,
jm1800,jacaranda_mimosifolia,1800,5,729.9,238,5,195,,,,,,
jm1800,jacaranda_mimosifolia,1800,6,860,173,2,290,,,,,,
jm1800,jacaranda_mimosifolia,1800,,752.7,235.7,3,224,,,,,,
12620,lagerstroemia_indica_sioux,75,1,183.1,50,5,52,,,,,,
12620,lagerstroemia_indica_sioux,75,2,113.8,69,11,34,,,,,,
12620,lagerstroemia_indica_sioux,75,3,157.1,61,3,38,,,,,,
12620,lagerstroemia_indica_sioux,75,4,132.4,52,17,22,,,,,,
12620,lagerstroemia_indica_sioux,75,5,124.5,57,1,16,,,,,,
12620,lagerstroemia_indica_sioux,75,6,132.4,43,1,23,,,,,,
12620,lagerstroemia_indica_sioux,75,7,130.6,71,4,30,,,,,,
12620,lagerstroemia_indica_sioux,75,8,149.4,70,6,13,,,,,,
12620,lagerstroemia_indica_sioux,75,9,154.6,61,8,44,,,,,,
12620,lagerstroemia_indica_sioux,75,10,158.2,67,20,13,,,,,,
10587,magnolia_grandiflora_littlegem,35,1,150,50,5,38,43.7,51.8,53.1,1.09,1.28,1.43
10587,magnolia_grandiflora_littlegem,35,2,133.9,23,3,34,18.6,26.8,36.4,0.54,0.68,1
10587,magnolia_grandiflora_littlegem,35,3,150.6,23,4,48,25.8,23.4,26.7,0.69,0.64,0.61
10587,magnolia_grandiflora_littlegem,35,4,115.4,23,6,42,21.5,28.9,41.5,0.51,0.79,1.17
10587,magnolia_grandiflora_littlegem,35,5,117.7,54,7,33,29,32.5,23.4,0.84,0.85,0.6
10587,magnolia_grandiflora_littlegem,35,6,132.3,46,7,34,25.1,28.7,46.4,0.68,0.6,1.13
10587,magnolia_grandiflora_littlegem,35,7,132.7,29,3,48,50.8,21.6,26.3,1.38,0.6,0.7
10587,magnolia_grandiflora_littlegem,35,8,123.7,17,7,33,25.4,32.2,21.5,0.69,0.8,0.62
10587,magnolia_grandiflora_littlegem,35,9,119.8,20,9,33,37.5,40.7,24.8,0.94,1.1,0.67
10587,magnolia_grandiflora_littlegem,35,10,101.8,14,3,29,61.1,36.7,18.5,1.59,0.94,0.53
11957,magnolia_grandiflora_littlegem,75,1,118,20,8,25,43.5,51.8,41.8,1.13,1.32,1.12
11957,magnolia_grandiflora_littlegem,75,2,120.1,29,5,27,45.4,51.2,42.7,1.28,1.44,1.19
11957,magnolia_grandiflora_littlegem,75,3,131.5,20,6,23,34.4,38.4,44.2,0.87,1.02,1.11
11957,magnolia_grandiflora_littlegem,75,4,128.6,20,4,18,31.9,36.2,46.1,0.88,0.94,0.12
11957,magnolia_grandiflora_littlegem,75,5,137.3,19,6,22,37.7,50.1,54.4,0.97,1.35,1.5
11957,magnolia_grandiflora_littlegem,75,6,132.6,18,7,23,27.6,23.1,26.3,0.78,0.59,0.76
11957,magnolia_grandiflora_littlegem,75,7,124,19,6,21,38.1,34.4,42.7,1.05,0.93,1.1
11957,magnolia_grandiflora_littlegem,75,8,102.1,19,5,18,46.2,15,27.4,1.36,0.46,0.75
11957,magnolia_grandiflora_littlegem,75,9,96.3,24,5,17,25.7,46.1,41.6,0.61,1.19,1.13
11957,magnolia_grandiflora_littlegem,75,10,135.7,26,5,21,37.1,28.9,53.2,0.84,0.67,1.29
15442,magnolia_grandiflora_littlegem,150,1,161.1,24,8,37,27.7,28.6,28.9,0.59,0.72,0.7
15442,magnolia_grandiflora_littlegem,150,2,193.4,25,6,31,39.3,41.5,48.7,0.8,0.86,1.02
15442,magnolia_grandiflora_littlegem,150,3,165.7,20,9,39,49.5,34.3,22.9,1.01,0.72,0.47
15442,magnolia_grandiflora_littlegem,150,4,185.2,25,8,32,24.6,25.5,25,0.47,0.58,0.49
15442,magnolia_grandiflora_littlegem,150,5,182.7,15,7,37,32.3,23.3,67.8,0.74,0.46,1.3
15442,magnolia_grandiflora_littlegem,150,6,175.3,18,5,31,29.9,23.4,35.5,0.56,0.43,0.68
15442,magnolia_grandiflora_littlegem,150,7,166.4,21,8,27,15.6,16.7,45.2,0.28,0.33,0.84
15442,magnolia_grandiflora_littlegem,150,8,222.4,18,7,41,54.8,46.7,50.5,1.28,1.03,1.21
15442,magnolia_grandiflora_littlegem,150,9,185.5,32,4,49,19.6,29.2,25.1,0.36,0.63,0.5
15442,magnolia_grandiflora_littlegem,150,10,200.2,25,5,35,38.5,37.2,39.4,0.85,0.89,1.01
15433,magnolia_grandiflora_littlegem,300,1,325.9,30,7,103,33.6,28.9,45.8,0.6,0.58,0.88
15433,magnolia_grandiflora_littlegem,300,2,265,18,7,100,37.4,33.4,34.2,0.63,0.51,0.5
15433,magnolia_grandiflora_littlegem,300,3,290.3,38,10,72,19.1,27.7,31.5,0.22,0.48,0.57
15433,magnolia_grandiflora_littlegem,300,4,328.4,34,10,102,27.9,27.1,30.6,0.53,0.45,0.52
15433,magnolia_grandiflora_littlegem,300,5,302.6,32,7,98,24.9,22.2,17.7,0.44,0.4,0.3
15433,magnolia_grandiflora_littlegem,300,6,270,33,8,100,34.3,21.3,22.5,0.63,0.38,0.45
15433,magnolia_grandiflora_littlegem,300,7,261.5,23,6,63,28.4,26.9,25.2,0.51,0.47,0.53
15433,magnolia_grandiflora_littlegem,300,8,340.5,24,5,87,26.5,17.9,23.4,0.47,0.28,0.43
15433,magnolia_grandiflora_littlegem,300,9,299.3,34,8,84,17.2,14.1,26.7,0.32,0.27,0.42
15433,magnolia_grandiflora_littlegem,300,10,264.7,52,10,68,19.8,17.7,19.7,0.36,0.36,0.31
10489,magnolia_grandiflora_littlegem,500,1,430.7,132,4,141,80.6,51.8,36,1.57,1.03,0.58
10489,magnolia_grandiflora_littlegem,500,2,372,109,4,123,46.4,38.7,110.7,0.86,0.71,2.2
10489,magnolia_grandiflora_littlegem,500,3,435.7,150,10,135,53.4,32.2,87.2,0.97,1.38,1.54
10489,magnolia_grandiflora_littlegem,500,4,369.7,100,4,122,74.8,78.1,52.3,1.5,1.63,1.18
10489,magnolia_grandiflora_littlegem,500,5,384.7,38,4,98,36.4,50.1,60.1,0.81,1,1.3
10489,magnolia_grandiflora_littlegem,500,6,377.2,30,4,99,46.7,60.8,45.9,0.96,1.3,1.05
10489,magnolia_grandiflora_littlegem,500,7,399.5,37,5,80,33.6,25.6,28.6,0.72,0.59,0.63
10489,magnolia_grandiflora_littlegem,500,8,372.2,52,4,82,45.5,86.9,35.8,0.96,0.63,0.8
10489,magnolia_grandiflora_littlegem,500,9,372.5,27,6,79,41.1,34.9,36.7,0.98,0.88,0.86
10489,magnolia_grandiflora_littlegem,500,10,390,52,7,78,38.8,28,39.7,0.74,0.57,0.82
11971,melaleuca_rhaphiophylla,35,1,79.1,29,18,40,,,,,,
11971,melaleuca_rhaphiophylla,35,2,217.3,48,9,46,,,,,,
11971,melaleuca_rhaphiophylla,35,3,236.5,51,8,95,,,,,,
11971,melaleuca_rhaphiophylla,35,4,162.4,23,17,40,,,,,,
11971,melaleuca_rhaphiophylla,35,5,138.5,27,14,40,,,,,,
11971,melaleuca_rhaphiophylla,35,6,139.9,20,10,34,,,,,,
11971,melaleuca_rhaphiophylla,35,7,148.2,28,15,31,,,,,,
11971,melaleuca_rhaphiophylla,35,8,145.8,26,13,37,,,,,,
11971,melaleuca_rhaphiophylla,35,9,148,27,13,32,,,,,,
11971,melaleuca_rhaphiophylla,35,10,127,29,9,37,,,,,,
12241,melaleuca_rhaphiophylla,75,1,203,59,12,96,,,,,,
12241,melaleuca_rhaphiophylla,75,2,188.5,45,6,91,,,,,,
12241,melaleuca_rhaphiophylla,75,3,168.2,52,6,91,,,,,,
12241,melaleuca_rhaphiophylla,75,4,195.3,39,11,81,,,,,,
12241,melaleuca_rhaphiophylla,75,5,204.6,32,3,86,,,,,,
12241,melaleuca_rhaphiophylla,75,6,174,44,5,68,,,,,,
12241,melaleuca_rhaphiophylla,75,7,168.9,34,10,64,,,,,,
12241,melaleuca_rhaphiophylla,75,8,198.6,24,5,94,,,,,,
12241,melaleuca_rhaphiophylla,75,9,193.7,31,9,77,,,,,,
12241,melaleuca_rhaphiophylla,75,10,188.8,42,13,80,,,,,,
14011,melaleuca_rhaphiophylla,150,1,264,57,11,68,,,,,,
14011,melaleuca_rhaphiophylla,150,2,178.7,52,14,53,,,,,,
14011,melaleuca_rhaphiophylla,150,3,179.8,48,8,42,,,,,,
14011,melaleuca_rhaphiophylla,150,4,214.9,46,21,57,,,,,,
14011,melaleuca_rhaphiophylla,150,5,264.1,57,14,124,,,,,,
14011,melaleuca_rhaphiophylla,150,6,207.3,53,16,94,,,,,,
14011,melaleuca_rhaphiophylla,150,7,218.2,59,18,63,,,,,,
14011,melaleuca_rhaphiophylla,150,8,247,66,16,91,,,,,,
14011,melaleuca_rhaphiophylla,150,9,264.7,56,18,67,,,,,,
14011,melaleuca_rhaphiophylla,150,10,254.5,64,5,101,,,,,,
12454,melaleuca_rhaphiophylla,500,1,228,48,4,167,,,,,,
12454,melaleuca_rhaphiophylla,500,2,185.1,55,4,135,,,,,,
12454,melaleuca_rhaphiophylla,500,3,179,44,3,140,,,,,,
12454,melaleuca_rhaphiophylla,500,4,266.6,57,8,136,,,,,,
12454,melaleuca_rhaphiophylla,500,5,218.1,34,2,162,,,,,,
12454,melaleuca_rhaphiophylla,500,6,180.4,53,3,125,,,,,,
12454,melaleuca_rhaphiophylla,500,7,239.6,57,6,164,,,,,,
12454,melaleuca_rhaphiophylla,500,8,299.2,79,3,125,,,,,,
12454,melaleuca_rhaphiophylla,500,9,311.9,51,4,121,,,,,,
12454,melaleuca_rhaphiophylla,500,10,233.2,56,5,124,,,,,,
13634,platanus_x_acerifolia,400,1,633.5,179,2,168,,,,,,
13634,platanus_x_acerifolia,400,2,652.8,176,4,186,,,,,,
13634,platanus_x_acerifolia,400,3,695.4,173,3,159,,,,,,
13634,platanus_x_acerifolia,400,4,644.7,163,2,192,,,,,,
13634,platanus_x_acerifolia,400,5,524,168,4,134,,,,,,
13634,platanus_x_acerifolia,400,6,576.9,165,4,137,,,,,,
13634,platanus_x_acerifolia,400,7,534.7,169,3,155,,,,,,
13634,platanus_x_acerifolia,400,8,615.2,165,3,108,,,,,,
13634,platanus_x_acerifolia,400,9,452,161,5,91,,,,,,
13634,platanus_x_acerifolia,400,10,619.2,172,8,164,,,,,,
12254,platanus_x_acerifolia,1000,1,787.6,152,7,220,,,,,,
12254,platanus_x_acerifolia,1000,2,794,160,3,149,,,,,,
12254,platanus_x_acerifolia,1000,3,733.3,155,4,154,,,,,,
12254,platanus_x_acerifolia,1000,4,824.3,160,7,194,,,,,,
12254,platanus_x_acerifolia,1000,5,825,154,4,179,,,,,,
12254,platanus_x_acerifolia,1000,6,631.5,149,3,208,,,,,,
12254,platanus_x_acerifolia,1000,7,707,162,3,184,,,,,,
12254,platanus_x_acerifolia,1000,8,703.7,158,3,156,,,,,,
12254,platanus_x_acerifolia,1000,9,734.5,151,4,202,,,,,,
12254,platanus_x_acerifolia,1000,10,722.7,184,4,132,,,,,,
13378,pyrus_calleryana_chanticleer,100,1,128.4,55,5,22,,,,,,
13378,pyrus_calleryana_chanticleer,100,2,256,55,3,35,,,,,,
13378,pyrus_calleryana_chanticleer,100,3,261.8,45,3,36,,,,,,
13378,pyrus_calleryana_chanticleer,100,4,148.2,48,5,26,,,,,,
13378,pyrus_calleryana_chanticleer,100,5,132.1,48,5,20,,,,,,
13378,pyrus_calleryana_chanticleer,100,6,134.1,51,4,35,,,,,,
13378,pyrus_calleryana_chanticleer,100,7,137.8,48,3,28,,,,,,
13378,pyrus_calleryana_chanticleer,100,8,170.3,52,5,32,,,,,,
13378,pyrus_calleryana_chanticleer,100,9,94.5,36,5,12,,,,,,
13378,pyrus_calleryana_chanticleer,100,10,139.1,52,2,25,,,,,,
11813,pyrus_calleryana_chanticleer,400,1,490.8,149,13,114,,,,,,
11813,pyrus_calleryana_chanticleer,400,2,450.9,141,10,124,,,,,,
11813,pyrus_calleryana_chanticleer,400,3,465.9,161,6,98,,,,,,
11813,pyrus_calleryana_chanticleer,400,4,455.4,139,4,76,,,,,,
11813,pyrus_calleryana_chanticleer,400,5,476.8,150,6,108,,,,,,
11813,pyrus_calleryana_chanticleer,400,6,475.6,174,6,148,,,,,,
11813,pyrus_calleryana_chanticleer,400,7,436.2,132,14,113,,,,,,
11813,pyrus_calleryana_chanticleer,400,8,436.5,152,10,113,,,,,,
11813,pyrus_calleryana_chanticleer,400,9,575.4,141,8,183,,,,,,
11813,pyrus_calleryana_chanticleer,400,10,534.6,128,2,113,,,,,,
13487,ulmus_parvifolia_todd,400,1,597.2,232,1,290,,,,,,
13487,ulmus_parvifolia_todd,400,2,461,175,3,205,,,,,,
13487,ulmus_parvifolia_todd,400,3,520.4,172,7,141,,,,,,
13487,ulmus_parvifolia_todd,400,4,629.9,168,10,150,,,,,,
13487,ulmus_parvifolia_todd,400,5,579.5,138,12,210,,,,,,
13487,ulmus_parvifolia_todd,400,6,533.7,136,6,247,,,,,,
13487,ulmus_parvifolia_todd,400,7,435.5,157,13,149,,,,,,
13487,ulmus_parvifolia_todd,400,8,477.8,128,12,206,,,,,,
13487,ulmus_parvifolia_todd,400,9,551.3,159,3,186,,,,,,
13487,ulmus_parvifolia_todd,400,10,605,179,6,188,,,,,,
13492,ulmus_parvifolia_todd,1500,1,756.7,182,6,109,,,,,,
13492,ulmus_parvifolia_todd,1500,2,695,176,6,251,,,,,,
13492,ulmus_parvifolia_todd,1500,3,684.8,192,4,250,,,,,,
13492,ulmus_parvifolia_todd,1500,4,653.4,160,6,257,,,,,,
13492,ulmus_parvifolia_todd,1500,5,726.4,178,5,231,,,,,,
13492,ulmus_parvifolia_todd,1500,6,681.3,163,5,217,,,,,,
13492,ulmus_parvifolia_todd,1500,7,713.5,199,11,230,,,,,,
13492,ulmus_parvifolia_todd,1500,8,656.3,188,5,274,,,,,,
13492,ulmus_parvifolia_todd,1500,9,637.4,176,6,251,,,,,,
13492,ulmus_parvifolia_todd,1500,10,653.2,181,3,238,,,,,,
13144,zelkova_serrata_greenvase,400,1,388.6,189,4,159,,,,,,
13144,zelkova_serrata_greenvase,400,2,455.5,194,2,107,,,,,,
13144,zelkova_serrata_greenvase,400,3,495.3,179,2,118,,,,,,
13144,zelkova_serrata_greenvase,400,4,446.1,177,4,124,,,,,,
13144,zelkova_serrata_greenvase,400,5,404.7,169,5,146,,,,,,
13144,zelkova_serrata_greenvase,400,6,422.8,178,6,143,,,,,,
13144,zelkova_serrata_greenvase,400,7,479.8,195,3,144,,,,,,
13144,zelkova_serrata_greenvase,400,8,464.4,161,5,96,,,,,,
13144,zelkova_serrata_greenvase,400,9,571.4,195,4,82,,,,,,
13144,zelkova_serrata_greenvase,400,10,439.5,161,3,86,,,,,,
